1	0812932773	5	ID000887	2015-09-24	2015-10-07	2015-10-07
2	0802769756	1	ID000888	2015-09-24	2015-10-07	2015-10-08
3	0312979096	2	ID000158	2015-09-24	2015-10-07	2015-10-05
4	0878339175	3	ID000558	2015-09-24	2015-10-07	2015-10-03
5	0440225299	1	ID000899	2015-09-24	2015-10-07	2015-10-02
6	0060812508	1	ID000360	2015-09-25	2015-10-08	2015-10-09
7	1562927736	5	ID000619	2015-09-25	2015-10-08	2015-10-01
8	0935710019	1	ID000602	2015-09-25	2015-10-08	2015-10-05
9	0525936327	4	ID000646	2015-09-25	2015-10-08	2015-10-06
10	0141006633	5	ID000831	2015-09-26	2015-10-09	2015-10-08
11	0792218345	5	ID000821	2015-09-26	2015-10-09	2015-10-09
12	0671664921	3	ID000087	2015-09-26	2015-10-09	2015-10-07
13	0140183515	4	ID000772	2015-09-27	2015-10-10	2015-10-08
14	0440416655	4	ID000867	2015-09-27	2015-10-10	2015-10-05
15	0451199448	2	ID000406	2015-09-27	2015-10-10	2015-10-04
16	068986020X	2	ID000306	2015-09-27	2015-10-10	2015-10-10
17	0446516279	3	ID000028	2015-09-27	2015-10-10	2015-10-07
18	0373632452	5	ID000044	2015-09-28	2015-10-11	2015-10-04
19	080521061X	1	ID000888	2015-09-28	2015-10-11	2015-10-07
20	0375801766	4	ID000073	2015-09-28	2015-10-11	2015-10-05
21	0684860244	2	ID000851	2015-09-29	2015-10-12	2015-10-10
22	0671039016	1	ID000741	2015-09-29	2015-10-12	2015-10-11
23	0684172755	1	ID000741	2015-09-29	2015-10-12	2015-10-06
24	1895555590	4	ID000741	2015-09-29	2015-10-12	2015-10-12
25	1931484198	5	ID000947	2015-09-29	2015-10-12	2015-10-13
26	0743219341	1	ID000499	2015-09-30	2015-10-13	2015-10-12
27	0380400480	5	ID000120	2015-09-30	2015-10-13	2015-10-11
28	0441735762	1	ID000554	2015-10-01	2015-10-14	2015-10-14
29	0140141510	5	ID000766	2015-10-01	2015-10-14	2015-10-12
30	0679750304	5	ID000799	2015-10-01	2015-10-14	2015-10-14
31	0141390972	3	ID000900	2015-10-02	2015-10-15	2015-10-16
32	0590880748	3	ID000302	2015-10-02	2015-10-15	2015-10-10
33	0553580272	3	ID000456	2015-10-02	2015-10-15	2015-10-15
34	1567315658	5	ID000120	2015-10-02	2015-10-15	2015-10-16
35	0878331859	5	ID000926	2015-10-03	2015-10-16	2015-10-15
36	1883013852	2	ID000725	2015-10-03	2015-10-16	2015-10-10
37	0449207439	3	ID000821	2015-10-04	2015-10-17	2015-10-15
38	0689866364	2	ID000036	2015-10-04	2015-10-17	2015-10-14
39	038079439X	4	ID000588	2015-10-04	2015-10-17	2015-10-16
40	0140068929	4	ID000698	2015-10-04	2015-10-17	2015-10-13
41	0717289079	2	ID000586	2015-10-04	2015-10-17	2015-10-12
42	0439221714	3	ID000708	2015-10-05	2015-10-18	2015-10-18
43	1551667339	3	ID000892	2015-10-05	2015-10-18	2015-10-14
44	0679748253	1	ID000276	2015-10-05	2015-10-18	2015-10-17
45	0446691798	5	ID000228	2015-10-06	2015-10-19	2015-10-17
46	0446363251	1	ID000375	2015-10-06	2015-10-19	2015-10-20
47	0373226950	3	ID000549	2015-10-06	2015-10-19	2015-10-17
48	0743205626	2	ID000445	2015-10-06	2015-10-19	2015-10-17
49	0061091871	3	ID000757	2015-10-06	2015-10-19	2015-10-17
50	0671027514	1	ID000416	2015-10-07	2015-10-20	2015-10-19
51	0451523318	3	ID000789	2015-10-07	2015-10-20	2015-10-16
52	3499110008	1	ID000766	2015-10-07	2015-10-20	2015-10-13
53	084235266X	1	ID000980	2015-10-08	2015-10-21	2015-10-19
54	0140445145	1	ID000645	2015-10-08	2015-10-21	2015-10-18
55	0679765123	5	ID000943	2015-10-08	2015-10-21	2015-10-20
56	0765347415	2	ID000266	2015-10-09	2015-10-22	2015-10-17
57	0345409671	4	ID000775	2015-10-09	2015-10-22	2015-10-18
58	2742720073	3	ID000948	2015-10-10	2015-10-23	2015-10-24
59	0451179706	3	ID000437	2015-10-10	2015-10-23	2015-10-24
60	0553233246	1	ID000795	2015-10-10	2015-10-23	2015-10-16
61	0373441517	4	ID000795	2015-10-10	2015-10-23	2015-10-22
62	0449702936	1	ID000795	2015-10-10	2015-10-23	2015-10-18
63	1558614621	4	ID000627	2015-10-11	2015-10-24	2015-10-19
64	0618059458	4	ID000250	2015-10-11	2015-10-24	2015-10-18
65	0553100009	3	ID000422	2015-10-11	2015-10-24	2015-10-25
66	0075536226	1	ID000264	2015-10-12	2015-10-25	2015-10-21
67	0689863632	3	ID000398	2015-10-12	2015-10-25	2015-10-25
68	0696209063	1	ID000399	2015-10-12	2015-10-25	2015-10-22
69	0060191872	1	ID000191	2015-10-12	2015-10-25	2015-10-22
70	1565922093	5	ID000497	2015-10-13	2015-10-26	2015-10-19
71	0681403225	4	ID000428	2015-10-13	2015-10-26	2015-10-27
72	0688162827	2	ID000049	2015-10-13	2015-10-26	2015-10-23
73	0590474804	2	ID000536	2015-10-14	2015-10-27	2015-10-21
74	1565122208	2	ID000235	2015-10-14	2015-10-27	2015-10-20
75	0060927216	4	ID000904	2015-10-14	2015-10-27	2015-10-21
76	067943853X	1	ID000904	2015-10-14	2015-10-27	2015-10-26
77	0441240984	1	ID000904	2015-10-14	2015-10-27	2015-10-22
78	0786888741	5	ID000742	2015-10-14	2015-10-27	2015-10-26
79	0307168409	3	ID000385	2015-10-15	2015-10-28	2015-10-25
80	1842040154	5	ID000171	2015-10-15	2015-10-28	2015-10-21
81	1558850481	3	ID000522	2015-10-15	2015-10-28	2015-10-23
82	0425037827	3	ID000544	2015-10-15	2015-10-28	2015-10-21
83	087243169X	1	ID000590	2015-10-16	2015-10-29	2015-10-24
84	2082115178	5	ID000540	2015-10-16	2015-10-29	2015-10-22
85	0931580439	3	ID000524	2015-10-16	2015-10-29	2015-10-26
86	0373250282	4	ID000587	2015-10-16	2015-10-29	2015-10-26
87	038071843X	2	ID000933	2015-10-16	2015-10-29	2015-10-30
88	2867449375	1	ID000996	2015-10-17	2015-10-30	2015-10-26
89	0743201027	4	ID000857	2015-10-17	2015-10-30	2015-10-31
90	1569471231	4	ID000893	2015-10-17	2015-10-30	2015-10-30
91	0802415881	4	ID000414	2015-10-17	2015-10-30	2015-10-26
92	0816707979	2	ID000830	2015-10-18	2015-10-31	2015-10-27
93	0553262386	4	ID000185	2015-10-18	2015-10-31	2015-11-01
94	0800751248	1	ID000984	2015-10-19	2015-11-01	2015-10-26
95	0373871279	2	ID000819	2015-10-19	2015-11-01	2015-11-01
96	0060927518	4	ID001000	2015-10-19	2015-11-01	2015-10-26
97	0312251890	3	ID000873	2015-10-19	2015-11-01	2015-10-26
98	0312905823	4	ID000464	2015-10-19	2015-11-01	2015-11-02
99	0060937645	2	ID000165	2015-10-20	2015-11-02	2015-11-02
100	0609807900	2	ID000966	2015-10-20	2015-11-02	2015-10-27
101	051788268X	4	ID000819	2015-10-20	2015-11-02	2015-11-01
102	0451167872	4	ID000530	2015-10-20	2015-11-02	2015-10-26
103	0671019740	3	ID000854	2015-10-21	2015-11-03	2015-11-02
104	0590442953	1	ID000854	2015-10-21	2015-11-03	2015-10-29
105	0312039409	2	ID000854	2015-10-21	2015-11-03	2015-10-30
106	0451121082	5	ID000039	2015-10-21	2015-11-03	2015-10-27
107	0449205975	1	ID000646	2015-10-21	2015-11-03	2015-11-02
108	0385497296	1	ID000680	2015-10-21	2015-11-03	2015-11-02
109	1551660571	3	ID000020	2015-10-22	2015-11-04	2015-10-31
110	0451202287	1	ID000846	2015-10-22	2015-11-04	2015-11-03
111	3453209613	4	ID000522	2015-10-22	2015-11-04	2015-10-28
112	0345374053	4	ID000102	2015-10-22	2015-11-04	2015-11-03
113	0446341819	4	ID000834	2015-10-23	2015-11-05	2015-10-31
114	1570717257	3	ID000514	2015-10-23	2015-11-05	2015-11-06
115	0671003534	1	ID000262	2015-10-23	2015-11-05	2015-11-03
116	0671875965	5	ID000877	2015-10-24	2015-11-06	2015-10-30
117	0440476968	1	ID000623	2015-10-24	2015-11-06	2015-11-01
118	0091882087	4	ID000548	2015-10-24	2015-11-06	2015-11-06
119	0671795937	4	ID000460	2015-10-25	2015-11-07	2015-11-03
120	0380001411	1	ID000955	2015-10-25	2015-11-07	2015-11-04
121	0061031321	2	ID000317	2015-10-26	2015-11-08	2015-11-04
122	0064430227	2	ID000297	2015-10-26	2015-11-08	2015-11-01
123	027362198X	2	ID000897	2015-10-26	2015-11-08	2015-11-04
124	0892434090	1	ID000347	2015-10-27	2015-11-09	2015-11-09
125	055320923X	4	ID000625	2015-10-27	2015-11-09	2015-11-07
126	0679776591	1	ID000552	2015-10-27	2015-11-09	2015-11-06
127	0962295701	5	ID000837	2015-10-27	2015-11-09	2015-11-08
128	0553380958	2	ID000661	2015-10-27	2015-11-09	2015-11-04
129	0843947616	3	ID000589	2015-10-28	2015-11-10	2015-11-04
130	0373484100	1	ID000898	2015-10-28	2015-11-10	2015-11-11
131	0140064834	2	ID000131	2015-10-29	2015-11-11	2015-11-05
132	0425177696	3	ID000103	2015-10-29	2015-11-11	2015-11-04
133	0890877564	1	ID000343	2015-10-30	2015-11-12	2015-11-13
134	0679762051	2	ID000829	2015-10-30	2015-11-12	2015-11-08
135	0971971501	5	ID000651	2015-10-31	2015-11-13	2015-11-10
136	0679879250	4	ID000939	2015-10-31	2015-11-13	2015-11-14
137	0671442260	2	ID000470	2015-10-31	2015-11-13	2015-11-11
138	080411109X	2	ID000745	2015-11-01	2015-11-14	2015-11-07
139	0888992211	5	ID000054	2015-11-01	2015-11-14	2015-11-10
140	0316095133	1	ID000154	2015-11-01	2015-11-14	2015-11-14
141	0684853612	3	ID000530	2015-11-02	2015-11-15	2015-11-09
142	0679777458	3	ID000746	2015-11-02	2015-11-15	2015-11-11
143	1575663929	4	ID000494	2015-11-02	2015-11-15	2015-11-14
144	3257225350	4	ID000392	2015-11-02	2015-11-15	2015-11-13
145	0671867407	5	ID000887	2015-11-02	2015-11-15	2015-11-12
146	1885492030	5	ID000441	2015-11-03	2015-11-16	2015-11-09
147	0531058379	1	ID000733	2015-11-03	2015-11-16	2015-11-09
148	0140621687	1	ID000013	2015-11-03	2015-11-16	2015-11-09
149	3257056109	5	ID000013	2015-11-03	2015-11-16	2015-11-15
150	1861590466	1	ID000013	2015-11-03	2015-11-16	2015-11-11
151	0525941916	4	ID000308	2015-11-04	2015-11-17	2015-11-10
152	0821749374	2	ID000368	2015-11-04	2015-11-17	2015-11-18
153	0399145052	3	ID000607	2015-11-04	2015-11-17	2015-11-16
154	0552138223	4	ID000930	2015-11-05	2015-11-18	2015-11-12
155	037370920X	3	ID000806	2015-11-05	2015-11-18	2015-11-13
156	0028604695	2	ID000205	2015-11-05	2015-11-18	2015-11-12
157	0380789833	1	ID000299	2015-11-05	2015-11-18	2015-11-16
158	0821742841	1	ID000163	2015-11-06	2015-11-19	2015-11-19
159	1883523362	2	ID000338	2015-11-06	2015-11-19	2015-11-20
160	0060149426	1	ID000290	2015-11-07	2015-11-20	2015-11-19
161	3442435838	4	ID000503	2015-11-07	2015-11-20	2015-11-14
162	0471123005	4	ID000846	2015-11-07	2015-11-20	2015-11-20
163	0749391723	3	ID000597	2015-11-08	2015-11-21	2015-11-18
164	0440209412	2	ID000069	2015-11-08	2015-11-21	2015-11-18
165	0140367462	5	ID000799	2015-11-09	2015-11-22	2015-11-18
166	067088782X	1	ID000451	2015-11-09	2015-11-22	2015-11-22
167	0671695169	5	ID000942	2015-11-09	2015-11-22	2015-11-22
168	0445085452	5	ID000833	2015-11-09	2015-11-22	2015-11-23
169	0441240984	5	ID000638	2015-11-09	2015-11-22	2015-11-18
170	088038204X	4	ID000871	2015-11-10	2015-11-23	2015-11-16
171	0373764723	1	ID000213	2015-11-10	2015-11-23	2015-11-20
172	0613225937	5	ID000431	2015-11-11	2015-11-24	2015-11-23
173	0006374093	5	ID000189	2015-11-11	2015-11-24	2015-11-22
174	1591822084	2	ID000260	2015-11-11	2015-11-24	2015-11-18
175	3404921178	4	ID000260	2015-11-11	2015-11-24	2015-11-25
176	1565843525	3	ID000260	2015-11-11	2015-11-24	2015-11-22
177	0330391763	5	ID000238	2015-11-11	2015-11-24	2015-11-19
178	0373226071	4	ID000832	2015-11-12	2015-11-25	2015-11-20
179	0425172554	1	ID000876	2015-11-12	2015-11-25	2015-11-23
180	0395562333	3	ID000742	2015-11-13	2015-11-26	2015-11-25
181	0743403614	4	ID000850	2015-11-13	2015-11-26	2015-11-19
182	0671500546	1	ID000586	2015-11-13	2015-11-26	2015-11-25
183	0333568745	2	ID000586	2015-11-13	2015-11-26	2015-11-19
184	0440213290	1	ID000586	2015-11-13	2015-11-26	2015-11-27
185	0060179988	5	ID000357	2015-11-13	2015-11-26	2015-11-19
186	014002476X	2	ID000731	2015-11-14	2015-11-27	2015-11-27
187	0684867486	2	ID000522	2015-11-14	2015-11-27	2015-11-27
188	3518368540	2	ID000364	2015-11-14	2015-11-27	2015-11-28
189	0865714487	3	ID000103	2015-11-15	2015-11-28	2015-11-29
190	1582343047	2	ID000182	2015-11-15	2015-11-28	2015-11-22
191	1403905843	2	ID000237	2015-11-15	2015-11-28	2015-11-27
192	0671535455	5	ID000323	2015-11-15	2015-11-28	2015-11-24
193	0446513644	1	ID000490	2015-11-16	2015-11-29	2015-11-22
194	0671753819	5	ID000379	2015-11-16	2015-11-29	2015-11-28
195	034544356X	4	ID000410	2015-11-16	2015-11-29	2015-11-28
196	0671865714	3	ID000142	2015-11-16	2015-11-29	2015-11-26
197	1574534106	2	ID000885	2015-11-16	2015-11-29	2015-11-23
198	0765348446	4	ID000885	2015-11-16	2015-11-29	2015-11-30
199	0140264795	4	ID000885	2015-11-16	2015-11-29	2015-11-28
200	0394859111	3	ID000461	2015-11-17	2015-11-30	2015-11-24
201	0385722435	3	ID000889	2015-11-17	2015-11-30	2015-11-27
202	1400030927	5	ID000889	2015-11-17	2015-11-30	2015-11-29
203	0590203509	3	ID000889	2015-11-17	2015-11-30	2015-11-26
204	0553241443	2	ID000316	2015-11-17	2015-11-30	2015-11-30
205	0393317552	4	ID000566	2015-11-17	2015-11-30	2015-11-23
206	0805001182	5	ID000525	2015-11-18	2015-12-01	2015-11-24
207	0446326925	5	ID000101	2015-11-18	2015-12-01	2015-11-24
208	0785272984	3	ID000068	2015-11-18	2015-12-01	2015-11-30
209	0060152583	4	ID000068	2015-11-18	2015-12-01	2015-11-29
210	1573228834	5	ID000767	2015-11-18	2015-12-01	2015-11-26
211	073943053X	3	ID000560	2015-11-18	2015-12-01	2015-11-29
212	0425151867	1	ID000919	2015-11-19	2015-12-02	2015-11-27
213	0688078028	3	ID000345	2015-11-19	2015-12-02	2015-11-28
214	0380975068	4	ID000786	2015-11-19	2015-12-02	2015-11-26
215	0061098361	5	ID000326	2015-11-20	2015-12-03	2015-12-02
216	0515122734	5	ID000564	2015-11-20	2015-12-03	2015-12-03
217	0684847450	5	ID000034	2015-11-20	2015-12-03	2015-12-03
218	006109918X	1	ID000528	2015-11-20	2015-12-03	2015-11-29
219	0915811898	5	ID000939	2015-11-20	2015-12-03	2015-11-27
220	0441317502	1	ID000062	2015-11-21	2015-12-04	2015-11-29
221	3442541034	2	ID000062	2015-11-21	2015-12-04	2015-11-29
222	0345309014	3	ID000149	2015-11-21	2015-12-04	2015-11-28
223	0441104029	5	ID000744	2015-11-22	2015-12-05	2015-11-28
224	0312922728	5	ID000803	2015-11-22	2015-12-05	2015-12-06
225	0373619499	2	ID000663	2015-11-22	2015-12-05	2015-11-28
226	0671832972	1	ID000412	2015-11-22	2015-12-05	2015-12-02
227	0060008024	3	ID000260	2015-11-22	2015-12-05	2015-11-29
228	0345293711	2	ID000214	2015-11-23	2015-12-06	2015-12-06
229	0671755056	5	ID000214	2015-11-23	2015-12-06	2015-12-05
230	0306811596	3	ID000214	2015-11-23	2015-12-06	2015-12-03
231	3499613638	1	ID000325	2015-11-23	2015-12-06	2015-11-29
232	0517189186	1	ID000833	2015-11-23	2015-12-06	2015-12-01
233	0133143023	4	ID000406	2015-11-23	2015-12-06	2015-12-07
234	1580172938	3	ID000249	2015-11-24	2015-12-07	2015-12-07
235	0380385880	5	ID000662	2015-11-24	2015-12-07	2015-12-05
236	0671224387	5	ID000019	2015-11-25	2015-12-08	2015-12-01
237	0380017199	1	ID000019	2015-11-25	2015-12-08	2015-12-03
238	1587172046	4	ID000019	2015-11-25	2015-12-08	2015-12-01
239	0821602039	1	ID000715	2015-11-25	2015-12-08	2015-12-05
240	189162007X	4	ID000022	2015-11-25	2015-12-08	2015-12-06
241	0345379144	2	ID000009	2015-11-25	2015-12-08	2015-12-08
242	0590448501	4	ID000724	2015-11-26	2015-12-09	2015-12-02
243	0380806355	2	ID000712	2015-11-26	2015-12-09	2015-12-05
244	0836279077	4	ID000314	2015-11-26	2015-12-09	2015-12-07
245	1592869629	1	ID000060	2015-11-27	2015-12-10	2015-12-03
246	0385243022	4	ID000342	2015-11-27	2015-12-10	2015-12-06
247	0452284937	2	ID000187	2015-11-27	2015-12-10	2015-12-08
248	0965455572	4	ID000404	2015-11-27	2015-12-10	2015-12-11
249	0375507124	2	ID000637	2015-11-28	2015-12-11	2015-12-06
250	0380820803	3	ID000521	2015-11-28	2015-12-11	2015-12-06
251	0066620732	5	ID000682	2015-11-29	2015-12-12	2015-12-12
252	0553211668	2	ID000918	2015-11-29	2015-12-12	2015-12-05
253	0446609048	4	ID000153	2015-11-30	2015-12-13	2015-12-11
254	0064431789	3	ID000691	2015-11-30	2015-12-13	2015-12-09
255	0842321950	2	ID000405	2015-12-01	2015-12-14	2015-12-11
256	0445409169	2	ID000779	2015-12-01	2015-12-14	2015-12-10
257	014018371X	5	ID000607	2015-12-01	2015-12-14	2015-12-12
258	0517667185	1	ID000265	2015-12-01	2015-12-14	2015-12-14
259	0679429948	5	ID000834	2015-12-02	2015-12-15	2015-12-15
260	0671027441	1	ID000849	2015-12-02	2015-12-15	2015-12-12
261	0375415351	4	ID000084	2015-12-02	2015-12-15	2015-12-15
262	0877799156	1	ID000272	2015-12-02	2015-12-15	2015-12-09
263	0451136039	5	ID000334	2015-12-03	2015-12-16	2015-12-14
264	0802136265	2	ID000688	2015-12-03	2015-12-16	2015-12-13
265	0821754084	2	ID000101	2015-12-04	2015-12-17	2015-12-15
266	0385319037	1	ID000373	2015-12-04	2015-12-17	2015-12-15
267	0671526022	4	ID000955	2015-12-04	2015-12-17	2015-12-12
268	0689823215	3	ID000577	2015-12-04	2015-12-17	2015-12-15
269	0892962275	1	ID000648	2015-12-04	2015-12-17	2015-12-18
270	0026885522	2	ID000573	2015-12-05	2015-12-18	2015-12-18
271	1557832307	3	ID000934	2015-12-05	2015-12-18	2015-12-18
272	0425046117	5	ID000457	2015-12-05	2015-12-18	2015-12-11
273	0671002570	5	ID000407	2015-12-05	2015-12-18	2015-12-19
274	0345338545	2	ID000637	2015-12-05	2015-12-18	2015-12-17
275	0515075051	3	ID000870	2015-12-06	2015-12-19	2015-12-19
276	0312963009	1	ID000539	2015-12-06	2015-12-19	2015-12-15
277	3880598800	5	ID000707	2015-12-06	2015-12-19	2015-12-13
278	0375405429	2	ID000224	2015-12-06	2015-12-19	2015-12-19
279	3442416108	4	ID000233	2015-12-06	2015-12-19	2015-12-16
280	0618231617	1	ID000184	2015-12-07	2015-12-20	2015-12-15
281	0821773402	5	ID000027	2015-12-07	2015-12-20	2015-12-17
282	0684835355	1	ID000210	2015-12-08	2015-12-21	2015-12-19
283	0192752685	5	ID000345	2015-12-08	2015-12-21	2015-12-22
284	0870238566	4	ID000543	2015-12-08	2015-12-21	2015-12-15
285	0886773318	1	ID000606	2015-12-08	2015-12-21	2015-12-20
286	0823405796	3	ID000671	2015-12-08	2015-12-21	2015-12-20
287	0743249992	5	ID000259	2015-12-09	2015-12-22	2015-12-22
288	0876544766	5	ID000119	2015-12-09	2015-12-22	2015-12-21
289	0380788691	1	ID000041	2015-12-09	2015-12-22	2015-12-18
290	0312956681	4	ID000319	2015-12-09	2015-12-22	2015-12-22
291	0140119698	1	ID000982	2015-12-09	2015-12-22	2015-12-16
292	0849936888	1	ID000754	2015-12-10	2015-12-23	2015-12-20
293	037382503X	5	ID000067	2015-12-10	2015-12-23	2015-12-16
294	0140193383	3	ID000334	2015-12-10	2015-12-23	2015-12-21
295	067189787X	4	ID000334	2015-12-10	2015-12-23	2015-12-22
296	0385322135	3	ID000206	2015-12-10	2015-12-23	2015-12-20
297	0373227205	4	ID000854	2015-12-10	2015-12-23	2015-12-24
298	0425164829	5	ID000075	2015-12-11	2015-12-24	2015-12-18
299	0757300243	4	ID000914	2015-12-11	2015-12-24	2015-12-23
300	0449238040	3	ID000914	2015-12-11	2015-12-24	2015-12-23
301	0679455612	2	ID000989	2015-12-11	2015-12-24	2015-12-21
302	0553486411	5	ID000679	2015-12-12	2015-12-25	2015-12-21
303	0743442245	5	ID000978	2015-12-12	2015-12-25	2015-12-22
304	1582341427	1	ID000157	2015-12-12	2015-12-25	2015-12-24
305	0312871937	1	ID000764	2015-12-12	2015-12-25	2015-12-22
306	0060193387	2	ID000799	2015-12-12	2015-12-25	2015-12-18
307	0425171272	2	ID000825	2015-12-13	2015-12-26	2015-12-22
308	0934971013	4	ID000367	2015-12-13	2015-12-26	2015-12-22
309	0590053698	3	ID000295	2015-12-13	2015-12-26	2015-12-21
310	0205187382	2	ID000691	2015-12-14	2015-12-27	2015-12-25
311	0743467191	3	ID000008	2015-12-14	2015-12-27	2015-12-28
312	044106857X	4	ID000621	2015-12-15	2015-12-28	2015-12-29
313	0451407105	1	ID000943	2015-12-15	2015-12-28	2015-12-28
314	156647101X	3	ID000088	2015-12-15	2015-12-28	2015-12-23
315	0671578820	5	ID000894	2015-12-16	2015-12-29	2015-12-28
316	1931514801	2	ID000683	2015-12-16	2015-12-29	2015-12-29
317	0061094234	3	ID000579	2015-12-16	2015-12-29	2015-12-22
318	0393960129	1	ID000934	2015-12-16	2015-12-29	2015-12-24
319	0441068804	3	ID000873	2015-12-17	2015-12-30	2015-12-23
320	0064470059	5	ID000161	2015-12-17	2015-12-30	2015-12-26
321	359650533X	3	ID000214	2015-12-17	2015-12-30	2015-12-27
322	0790008696	3	ID000053	2015-12-18	2015-12-31	2016-01-01
323	067087485X	2	ID000618	2015-12-18	2015-12-31	2015-12-30
324	0812579569	4	ID000132	2015-12-19	2016-01-01	2015-12-31
325	158234311X	2	ID000383	2015-12-19	2016-01-01	2015-12-27
326	0553584383	5	ID000334	2015-12-19	2016-01-01	2015-12-29
327	0875421245	2	ID000334	2015-12-19	2016-01-01	2015-12-28
328	0786862564	2	ID000334	2015-12-19	2016-01-01	2015-12-28
329	0743467221	1	ID000863	2015-12-19	2016-01-01	2015-12-25
330	006019393X	3	ID000235	2015-12-20	2016-01-02	2016-01-01
331	0816752087	1	ID000615	2015-12-20	2016-01-02	2015-12-29
332	0425181111	5	ID000811	2015-12-20	2016-01-02	2015-12-27
333	1555831753	1	ID000984	2015-12-21	2016-01-03	2016-01-03
334	0877844860	4	ID000301	2015-12-21	2016-01-03	2016-01-03
335	0373226470	5	ID000961	2015-12-21	2016-01-03	2016-01-04
336	0060506679	1	ID000196	2015-12-21	2016-01-03	2015-12-27
337	0312169345	5	ID000319	2015-12-22	2016-01-04	2016-01-03
338	0812524608	2	ID000682	2015-12-22	2016-01-04	2015-12-29
339	0345346602	3	ID000771	2015-12-23	2016-01-05	2016-01-06
340	059030271X	3	ID000587	2015-12-23	2016-01-05	2016-01-04
341	0060972777	2	ID000896	2015-12-24	2016-01-06	2016-01-04
342	0345416848	1	ID000896	2015-12-24	2016-01-06	2016-01-02
343	0671794493	3	ID000948	2015-12-24	2016-01-06	2016-01-05
344	0767900189	5	ID000504	2015-12-24	2016-01-06	2016-01-05
345	3442725577	3	ID000135	2015-12-24	2016-01-06	2016-01-02
346	0061053473	3	ID000616	2015-12-25	2016-01-07	2016-01-03
347	0316286125	3	ID000877	2015-12-25	2016-01-07	2015-12-31
348	0913866156	4	ID000113	2015-12-25	2016-01-07	2016-01-01
349	1551664445	2	ID000983	2015-12-25	2016-01-07	2016-01-06
350	0140283382	4	ID000941	2015-12-26	2016-01-08	2016-01-07
351	067167739X	4	ID000319	2015-12-26	2016-01-08	2016-01-09
352	0553585681	4	ID000253	2015-12-26	2016-01-08	2016-01-07
353	0908569734	2	ID000154	2015-12-26	2016-01-08	2016-01-06
354	0380641623	2	ID000071	2015-12-26	2016-01-08	2016-01-02
355	0425155129	5	ID000400	2015-12-27	2016-01-09	2016-01-06
356	0741409577	4	ID000944	2015-12-27	2016-01-09	2016-01-02
357	0060511508	5	ID000239	2015-12-27	2016-01-09	2016-01-02
358	0140185216	1	ID000609	2015-12-27	2016-01-09	2016-01-03
359	0590250884	2	ID000487	2015-12-28	2016-01-10	2016-01-07
360	0385319800	1	ID000338	2015-12-28	2016-01-10	2016-01-04
361	037325668X	5	ID000563	2015-12-28	2016-01-10	2016-01-11
362	0446691216	3	ID000140	2015-12-29	2016-01-11	2016-01-08
363	0451167872	5	ID000529	2015-12-29	2016-01-11	2016-01-09
364	0061092002	4	ID000966	2015-12-29	2016-01-11	2016-01-04
365	0140184937	2	ID000044	2015-12-29	2016-01-11	2016-01-12
366	346202261X	2	ID000220	2015-12-30	2016-01-12	2016-01-13
367	0671722727	3	ID000521	2015-12-30	2016-01-12	2016-01-07
368	0061092002	5	ID000414	2015-12-31	2016-01-13	2016-01-09
369	067086014X	4	ID000721	2015-12-31	2016-01-13	2016-01-11
370	0515087335	4	ID000350	2016-01-01	2016-01-14	2016-01-13
371	0140266933	3	ID000384	2016-01-01	2016-01-14	2016-01-10
372	0399148248	4	ID000544	2016-01-01	2016-01-14	2016-01-11
373	0140440755	4	ID000745	2016-01-01	2016-01-14	2016-01-09
374	0316925195	5	ID000395	2016-01-02	2016-01-15	2016-01-15
375	0679766766	2	ID000995	2016-01-02	2016-01-15	2016-01-16
376	0671028383	5	ID000916	2016-01-02	2016-01-15	2016-01-08
377	0765300222	5	ID000652	2016-01-03	2016-01-16	2016-01-14
378	3442729696	5	ID000398	2016-01-03	2016-01-16	2016-01-16
379	0195086295	3	ID000687	2016-01-03	2016-01-16	2016-01-09
380	0449213358	4	ID000603	2016-01-03	2016-01-16	2016-01-14
381	0312284535	2	ID000365	2016-01-04	2016-01-17	2016-01-15
382	0380750848	1	ID000112	2016-01-04	2016-01-17	2016-01-12
383	0671038869	4	ID000483	2016-01-04	2016-01-17	2016-01-13
384	0771014910	2	ID000114	2016-01-04	2016-01-17	2016-01-14
385	0307968219	3	ID000786	2016-01-04	2016-01-17	2016-01-17
386	0345314980	4	ID000693	2016-01-05	2016-01-18	2016-01-11
387	1565075315	4	ID000949	2016-01-05	2016-01-18	2016-01-18
388	034536628X	3	ID000748	2016-01-06	2016-01-19	2016-01-14
389	0935989900	4	ID000748	2016-01-06	2016-01-19	2016-01-17
390	186046808X	4	ID000748	2016-01-06	2016-01-19	2016-01-16
391	0395683297	3	ID000790	2016-01-06	2016-01-19	2016-01-15
392	1887368698	2	ID000201	2016-01-06	2016-01-19	2016-01-12
393	0380818191	1	ID000226	2016-01-06	2016-01-19	2016-01-17
394	0425184498	3	ID000871	2016-01-07	2016-01-20	2016-01-21
395	0816733082	5	ID000908	2016-01-07	2016-01-20	2016-01-15
396	2253040940	3	ID000158	2016-01-07	2016-01-20	2016-01-13
397	0439163099	3	ID000379	2016-01-07	2016-01-20	2016-01-21
398	1551660237	2	ID000516	2016-01-08	2016-01-21	2016-01-22
399	0345285557	4	ID000344	2016-01-08	2016-01-21	2016-01-22
400	3473581720	1	ID000807	2016-01-08	2016-01-21	2016-01-20
401	0312955421	4	ID000134	2016-01-08	2016-01-21	2016-01-22
402	006440501X	5	ID000919	2016-01-08	2016-01-21	2016-01-15
403	0446906492	4	ID000894	2016-01-09	2016-01-22	2016-01-18
404	0380975440	5	ID000747	2016-01-09	2016-01-22	2016-01-19
405	0517881004	4	ID000747	2016-01-09	2016-01-22	2016-01-23
406	0066212448	2	ID000747	2016-01-09	2016-01-22	2016-01-23
407	0441000525	3	ID000572	2016-01-10	2016-01-23	2016-01-19
408	0345422589	2	ID000640	2016-01-10	2016-01-23	2016-01-23
409	0515136379	4	ID000981	2016-01-10	2016-01-23	2016-01-24
410	0763617229	4	ID000131	2016-01-10	2016-01-23	2016-01-24
411	0789410842	3	ID000031	2016-01-10	2016-01-23	2016-01-19
412	0140071083	2	ID000063	2016-01-11	2016-01-24	2016-01-23
413	0679721746	2	ID000224	2016-01-11	2016-01-24	2016-01-22
414	0764222120	4	ID000224	2016-01-11	2016-01-24	2016-01-25
415	0743444167	1	ID000224	2016-01-11	2016-01-24	2016-01-20
416	0060921161	4	ID000499	2016-01-12	2016-01-25	2016-01-26
417	0767903595	5	ID000264	2016-01-12	2016-01-25	2016-01-25
418	0425165337	3	ID000499	2016-01-13	2016-01-26	2016-01-26
419	0061054437	3	ID000701	2016-01-13	2016-01-26	2016-01-23
420	0395083567	5	ID000340	2016-01-13	2016-01-26	2016-01-24
421	155972126X	5	ID000809	2016-01-13	2016-01-26	2016-01-24
422	0553156691	5	ID000946	2016-01-13	2016-01-26	2016-01-20
423	0061000205	2	ID000874	2016-01-14	2016-01-27	2016-01-21
424	0583300332	2	ID000115	2016-01-14	2016-01-27	2016-01-25
425	0671517325	4	ID000527	2016-01-14	2016-01-27	2016-01-27
426	0800714237	2	ID000573	2016-01-15	2016-01-28	2016-01-28
427	0812575962	3	ID000250	2016-01-15	2016-01-28	2016-01-23
428	0060909005	1	ID000472	2016-01-15	2016-01-28	2016-01-24
429	1853260657	5	ID000256	2016-01-15	2016-01-28	2016-01-28
430	0446523364	3	ID000855	2016-01-15	2016-01-28	2016-01-23
431	0871566230	4	ID000164	2016-01-16	2016-01-29	2016-01-30
432	0345339703	3	ID000480	2016-01-16	2016-01-29	2016-01-28
433	3423205202	2	ID000794	2016-01-16	2016-01-29	2016-01-29
434	0061097853	1	ID000829	2016-01-16	2016-01-29	2016-01-26
435	0446364193	4	ID000032	2016-01-17	2016-01-30	2016-01-25
436	0812565959	2	ID000615	2016-01-17	2016-01-30	2016-01-26
437	0671870432	2	ID000107	2016-01-18	2016-01-31	2016-02-01
438	0373710186	1	ID000306	2016-01-18	2016-01-31	2016-01-25
439	034529601X	2	ID000627	2016-01-19	2016-02-01	2016-02-02
440	0380700999	3	ID000759	2016-01-19	2016-02-01	2016-02-01
441	0590451782	1	ID000840	2016-01-20	2016-02-02	2016-02-03
442	0812570626	2	ID000650	2016-01-20	2016-02-02	2016-01-27
443	0380715635	4	ID000984	2016-01-21	2016-02-03	2016-01-28
444	0312971362	4	ID000055	2016-01-21	2016-02-03	2016-02-03
445	0061054658	5	ID000447	2016-01-21	2016-02-03	2016-01-27
446	155661456X	4	ID000211	2016-01-21	2016-02-03	2016-01-31
447	0866119566	5	ID000789	2016-01-22	2016-02-04	2016-01-31
448	0916180018	2	ID000034	2016-01-22	2016-02-04	2016-02-02
449	3817134010	2	ID000208	2016-01-22	2016-02-04	2016-02-02
450	0345295684	2	ID000693	2016-01-22	2016-02-04	2016-01-31
451	0394714342	1	ID000538	2016-01-23	2016-02-05	2016-02-03
452	0684837765	4	ID000323	2016-01-23	2016-02-05	2016-01-31
453	0836218663	3	ID000276	2016-01-23	2016-02-05	2016-02-03
454	051748904X	4	ID000772	2016-01-24	2016-02-06	2016-02-03
455	0375719180	3	ID000197	2016-01-24	2016-02-06	2016-02-07
456	0679748261	2	ID000215	2016-01-25	2016-02-07	2016-02-03
457	0140254749	3	ID000352	2016-01-25	2016-02-07	2016-02-03
458	3257229534	2	ID000041	2016-01-26	2016-02-08	2016-02-07
459	0812550579	1	ID000970	2016-01-26	2016-02-08	2016-02-07
460	3548256171	5	ID000574	2016-01-26	2016-02-08	2016-02-08
461	0718143051	5	ID000537	2016-01-26	2016-02-08	2016-02-03
462	0863040403	5	ID000430	2016-01-26	2016-02-08	2016-02-01
463	0811816583	3	ID000430	2016-01-26	2016-02-08	2016-02-01
464	0380400480	3	ID000430	2016-01-26	2016-02-08	2016-02-04
465	340411566X	4	ID000138	2016-01-27	2016-02-09	2016-02-09
466	9960340112	3	ID000817	2016-01-27	2016-02-09	2016-02-08
467	0553584480	5	ID000910	2016-01-27	2016-02-09	2016-02-09
468	038079828X	2	ID000671	2016-01-27	2016-02-09	2016-02-09
469	0671032631	3	ID000941	2016-01-28	2016-02-10	2016-02-08
470	0684808129	4	ID000543	2016-01-28	2016-02-10	2016-02-04
471	0312155859	1	ID000167	2016-01-28	2016-02-10	2016-02-06
472	0553156950	5	ID000306	2016-01-28	2016-02-10	2016-02-07
473	0380558890	2	ID000272	2016-01-28	2016-02-10	2016-02-05
474	0140322051	4	ID000481	2016-01-29	2016-02-11	2016-02-11
475	0553158597	5	ID000761	2016-01-29	2016-02-11	2016-02-11
476	0880387548	4	ID000350	2016-01-29	2016-02-11	2016-02-07
477	0373074808	5	ID000222	2016-01-29	2016-02-11	2016-02-07
478	0060002093	1	ID000055	2016-01-30	2016-02-12	2016-02-13
479	0373168438	5	ID000856	2016-01-30	2016-02-12	2016-02-13
480	0670842702	2	ID000696	2016-01-31	2016-02-13	2016-02-08
481	0312112874	3	ID000415	2016-01-31	2016-02-13	2016-02-14
482	0425178838	3	ID000076	2016-01-31	2016-02-13	2016-02-09
483	0399146245	1	ID000811	2016-02-01	2016-02-14	2016-02-09
484	0060930314	5	ID000620	2016-02-01	2016-02-14	2016-02-08
485	0684850737	4	ID000806	2016-02-02	2016-02-15	2016-02-11
486	0590386042	3	ID000219	2016-02-02	2016-02-15	2016-02-12
487	0192834347	5	ID000901	2016-02-02	2016-02-15	2016-02-11
488	0330303279	1	ID000614	2016-02-02	2016-02-15	2016-02-09
489	0812575237	4	ID000254	2016-02-02	2016-02-15	2016-02-13
490	0394178637	3	ID000669	2016-02-03	2016-02-16	2016-02-09
491	0312966059	4	ID000602	2016-02-03	2016-02-16	2016-02-12
492	1565926161	2	ID000602	2016-02-03	2016-02-16	2016-02-15
493	0345384377	3	ID000602	2016-02-03	2016-02-16	2016-02-12
494	0684869748	2	ID000622	2016-02-03	2016-02-16	2016-02-16
495	034538170X	5	ID000622	2016-02-03	2016-02-16	2016-02-13
496	044661193X	3	ID000825	2016-02-04	2016-02-17	2016-02-14
497	0812570936	4	ID000417	2016-02-04	2016-02-17	2016-02-18
498	0553264303	2	ID000479	2016-02-04	2016-02-17	2016-02-12
499	0307103803	1	ID000159	2016-02-05	2016-02-18	2016-02-12
500	080213825X	1	ID000239	2016-02-05	2016-02-18	2016-02-13
501	0440441501	2	ID000541	2016-02-05	2016-02-18	2016-02-17
502	1573245038	1	ID000876	2016-02-05	2016-02-18	2016-02-12
503	0439228913	2	ID000797	2016-02-05	2016-02-18	2016-02-17
504	0618002243	2	ID000911	2016-02-06	2016-02-19	2016-02-13
505	0060912227	3	ID000894	2016-02-06	2016-02-19	2016-02-16
506	0886774829	3	ID000059	2016-02-07	2016-02-20	2016-02-20
507	0671853864	4	ID000736	2016-02-07	2016-02-20	2016-02-21
508	0446322490	4	ID000736	2016-02-07	2016-02-20	2016-02-15
509	0449244741	5	ID000736	2016-02-07	2016-02-20	2016-02-18
510	0671021257	2	ID000772	2016-02-07	2016-02-20	2016-02-14
511	0553292552	4	ID000659	2016-02-08	2016-02-21	2016-02-19
512	037329221X	5	ID000114	2016-02-08	2016-02-21	2016-02-14
513	0425076717	2	ID000690	2016-02-08	2016-02-21	2016-02-16
514	1885171013	2	ID000128	2016-02-09	2016-02-22	2016-02-18
515	0310478014	5	ID000934	2016-02-09	2016-02-22	2016-02-20
516	1560760516	2	ID000420	2016-02-09	2016-02-22	2016-02-22
517	0671736825	1	ID000896	2016-02-09	2016-02-22	2016-02-19
518	0060960809	2	ID000150	2016-02-09	2016-02-22	2016-02-16
519	0824811720	4	ID000424	2016-02-10	2016-02-23	2016-02-16
520	0140011307	2	ID000070	2016-02-10	2016-02-23	2016-02-20
521	2080707590	3	ID000042	2016-02-11	2016-02-24	2016-02-24
522	0440942500	5	ID000240	2016-02-11	2016-02-24	2016-02-18
523	0913367176	3	ID000516	2016-02-11	2016-02-24	2016-02-18
524	0345338545	5	ID000897	2016-02-11	2016-02-24	2016-02-17
525	0816621144	4	ID000091	2016-02-12	2016-02-25	2016-02-25
526	0452011574	1	ID000496	2016-02-12	2016-02-25	2016-02-22
527	0345335864	2	ID000372	2016-02-12	2016-02-25	2016-02-23
528	0449006700	4	ID000935	2016-02-12	2016-02-25	2016-02-23
529	0425146413	5	ID000653	2016-02-13	2016-02-26	2016-02-19
530	0671551337	4	ID000260	2016-02-13	2016-02-26	2016-02-25
531	155972272X	3	ID000617	2016-02-13	2016-02-26	2016-02-25
532	1853260908	3	ID000862	2016-02-13	2016-02-26	2016-02-22
533	3596113318	5	ID000602	2016-02-13	2016-02-26	2016-02-19
534	0345435419	3	ID000657	2016-02-14	2016-02-27	2016-02-23
535	0836135474	3	ID000868	2016-02-14	2016-02-27	2016-02-26
536	1569714215	2	ID000610	2016-02-14	2016-02-27	2016-02-26
537	0743423682	5	ID000610	2016-02-14	2016-02-27	2016-02-28
538	059043411X	5	ID000610	2016-02-14	2016-02-27	2016-02-26
539	0553158937	4	ID000073	2016-02-14	2016-02-27	2016-02-20
540	0515077356	1	ID000850	2016-02-14	2016-02-27	2016-02-20
541	0446401617	5	ID000287	2016-02-15	2016-02-28	2016-02-24
542	0451187903	5	ID000395	2016-02-15	2016-02-28	2016-02-26
543	0671836285	5	ID000238	2016-02-15	2016-02-28	2016-02-25
544	0061080969	5	ID000487	2016-02-15	2016-02-28	2016-02-29
545	0671629972	1	ID000053	2016-02-15	2016-02-28	2016-02-27
546	0671034022	3	ID000905	2016-02-16	2016-02-29	2016-02-28
547	0061043850	5	ID000416	2016-02-16	2016-02-29	2016-02-25
548	0064400085	2	ID000790	2016-02-16	2016-02-29	2016-02-27
549	096558383X	4	ID000438	2016-02-17	2016-03-01	2016-02-23
550	0312970617	5	ID000180	2016-02-17	2016-03-01	2016-02-23
551	1566091446	4	ID000247	2016-02-17	2016-03-01	2016-02-28
552	0345438825	1	ID000065	2016-02-17	2016-03-01	2016-02-28
553	0895778742	1	ID000775	2016-02-17	2016-03-01	2016-02-24
554	0553350072	4	ID000551	2016-02-18	2016-03-02	2016-03-01
555	093033003X	2	ID000644	2016-02-18	2016-03-02	2016-02-28
556	0425158616	2	ID000267	2016-02-18	2016-03-02	2016-02-26
557	0425153975	5	ID000426	2016-02-19	2016-03-03	2016-03-01
558	0393323145	1	ID000572	2016-02-19	2016-03-03	2016-02-28
559	0380715430	3	ID000101	2016-02-20	2016-03-04	2016-03-04
560	0451450523	2	ID000691	2016-02-20	2016-03-04	2016-02-29
561	0679032983	4	ID000975	2016-02-20	2016-03-04	2016-02-29
562	0441005004	3	ID000070	2016-02-20	2016-03-04	2016-03-03
563	0312195516	3	ID000768	2016-02-21	2016-03-05	2016-03-02
564	082175565X	5	ID000559	2016-02-21	2016-03-05	2016-03-06
565	0452281709	1	ID000037	2016-02-21	2016-03-05	2016-03-03
566	067179793X	4	ID000618	2016-02-22	2016-03-06	2016-02-28
567	073880701X	1	ID000079	2016-02-22	2016-03-06	2016-03-04
568	0743204239	3	ID000271	2016-02-23	2016-03-07	2016-03-06
569	0671722948	1	ID000695	2016-02-23	2016-03-07	2016-03-07
570	3551751846	5	ID000039	2016-02-23	2016-03-07	2016-03-04
571	0373712049	3	ID000597	2016-02-23	2016-03-07	2016-03-03
572	3492200540	2	ID000196	2016-02-24	2016-03-08	2016-03-09
573	1589820681	2	ID000858	2016-02-24	2016-03-08	2016-03-01
574	1557481733	5	ID000119	2016-02-24	2016-03-08	2016-03-03
575	0590483803	2	ID000262	2016-02-24	2016-03-08	2016-03-08
576	0373224915	3	ID000519	2016-02-24	2016-03-08	2016-03-08
577	0881380199	5	ID000453	2016-02-25	2016-03-09	2016-03-02
578	0864922108	2	ID000871	2016-02-25	2016-03-09	2016-03-06
579	0689823908	2	ID000794	2016-02-25	2016-03-09	2016-03-02
580	0140441131	4	ID000779	2016-02-26	2016-03-10	2016-03-11
581	0140431314	5	ID000127	2016-02-26	2016-03-10	2016-03-05
582	3499232871	3	ID000479	2016-02-26	2016-03-10	2016-03-08
583	0316734500	3	ID000479	2016-02-26	2016-03-10	2016-03-03
584	0380725711	2	ID000479	2016-02-26	2016-03-10	2016-03-09
585	0440228611	5	ID000592	2016-02-26	2016-03-10	2016-03-04
586	0590880748	4	ID000202	2016-02-26	2016-03-10	2016-03-09
587	0151962960	2	ID000892	2016-02-27	2016-03-11	2016-03-09
588	1853262544	5	ID000495	2016-02-27	2016-03-11	2016-03-05
589	0812520157	1	ID000492	2016-02-27	2016-03-11	2016-03-06
590	1558747613	1	ID000908	2016-02-27	2016-03-11	2016-03-10
591	0380758377	1	ID000461	2016-02-28	2016-03-12	2016-03-13
592	0152024999	3	ID000557	2016-02-28	2016-03-12	2016-03-08
593	0802714358	5	ID000395	2016-02-28	2016-03-12	2016-03-12
594	0374309302	1	ID000415	2016-02-28	2016-03-12	2016-03-11
595	0920656080	3	ID000631	2016-02-28	2016-03-12	2016-03-08
596	0864427433	4	ID000450	2016-02-29	2016-03-13	2016-03-14
597	0394756886	5	ID000189	2016-02-29	2016-03-13	2016-03-10
598	0440100259	4	ID000761	2016-02-29	2016-03-13	2016-03-08
599	0451167716	3	ID000306	2016-03-01	2016-03-14	2016-03-14
600	0843946385	2	ID000485	2016-03-01	2016-03-14	2016-03-15
601	9871106181	4	ID000721	2016-03-01	2016-03-14	2016-03-09
602	0486290816	2	ID000607	2016-03-01	2016-03-14	2016-03-12
603	0395486173	4	ID000895	2016-03-01	2016-03-14	2016-03-14
604	0849914965	4	ID000856	2016-03-02	2016-03-15	2016-03-14
605	0553057456	5	ID000653	2016-03-02	2016-03-15	2016-03-09
606	0771099940	2	ID000828	2016-03-02	2016-03-15	2016-03-12
607	0671027212	2	ID000060	2016-03-03	2016-03-16	2016-03-14
608	0060953225	2	ID000041	2016-03-03	2016-03-16	2016-03-17
609	0394840704	3	ID000704	2016-03-03	2016-03-16	2016-03-10
610	0553581856	5	ID000069	2016-03-03	2016-03-16	2016-03-13
611	0743456394	3	ID000378	2016-03-03	2016-03-16	2016-03-17
612	0449218929	4	ID000235	2016-03-04	2016-03-17	2016-03-12
613	9721030791	3	ID000949	2016-03-04	2016-03-17	2016-03-15
614	0449243141	1	ID000247	2016-03-05	2016-03-18	2016-03-16
615	0821771205	2	ID000765	2016-03-05	2016-03-18	2016-03-16
616	0345256557	5	ID000203	2016-03-05	2016-03-18	2016-03-16
617	0810942631	4	ID000586	2016-03-06	2016-03-19	2016-03-15
618	1854790420	4	ID000378	2016-03-06	2016-03-19	2016-03-15
619	0688136230	3	ID000114	2016-03-06	2016-03-19	2016-03-17
620	0671001841	5	ID000946	2016-03-07	2016-03-20	2016-03-13
621	0312988915	3	ID000892	2016-03-07	2016-03-20	2016-03-17
622	0553801376	5	ID000181	2016-03-08	2016-03-21	2016-03-14
623	2253182389	2	ID000770	2016-03-08	2016-03-21	2016-03-15
624	0451456521	3	ID000435	2016-03-08	2016-03-21	2016-03-18
625	044021873X	2	ID000788	2016-03-08	2016-03-21	2016-03-21
626	1577361814	4	ID000286	2016-03-08	2016-03-21	2016-03-17
627	0380706512	5	ID000242	2016-03-09	2016-03-22	2016-03-21
628	0802134580	1	ID000939	2016-03-09	2016-03-22	2016-03-22
629	3596150531	4	ID000060	2016-03-10	2016-03-23	2016-03-20
630	0571197779	1	ID000844	2016-03-10	2016-03-23	2016-03-17
631	0812970101	3	ID000034	2016-03-10	2016-03-23	2016-03-19
632	0385029039	5	ID000942	2016-03-10	2016-03-23	2016-03-24
633	0425173755	5	ID000172	2016-03-10	2016-03-23	2016-03-20
634	1931836876	2	ID000959	2016-03-11	2016-03-24	2016-03-19
635	0060950536	2	ID000346	2016-03-11	2016-03-24	2016-03-23
636	0805065989	4	ID000782	2016-03-12	2016-03-25	2016-03-20
637	0571105653	5	ID000468	2016-03-12	2016-03-25	2016-03-26
638	0312976275	4	ID000743	2016-03-12	2016-03-25	2016-03-21
639	0812533534	4	ID000883	2016-03-13	2016-03-26	2016-03-25
640	0743435583	5	ID000622	2016-03-13	2016-03-26	2016-03-22
641	0812507436	1	ID000900	2016-03-14	2016-03-27	2016-03-27
642	0345463153	1	ID000293	2016-03-14	2016-03-27	2016-03-26
643	0373711131	5	ID000116	2016-03-14	2016-03-27	2016-03-28
644	3404230663	1	ID000925	2016-03-15	2016-03-28	2016-03-24
645	0399523308	4	ID000282	2016-03-15	2016-03-28	2016-03-22
646	0425191583	1	ID000337	2016-03-15	2016-03-28	2016-03-25
647	0385503636	5	ID000770	2016-03-15	2016-03-28	2016-03-27
648	0679866957	4	ID000240	2016-03-15	2016-03-28	2016-03-28
649	0486280381	1	ID000217	2016-03-16	2016-03-29	2016-03-22
650	3499187809	5	ID000010	2016-03-16	2016-03-29	2016-03-22
651	0553092650	4	ID000993	2016-03-17	2016-03-30	2016-03-26
652	0553274325	3	ID000160	2016-03-17	2016-03-30	2016-03-27
653	0446403083	3	ID000925	2016-03-17	2016-03-30	2016-03-23
654	0590453688	5	ID000607	2016-03-18	2016-03-31	2016-03-26
655	0688046266	1	ID000439	2016-03-18	2016-03-31	2016-03-30
656	0060517212	4	ID000429	2016-03-19	2016-04-01	2016-03-27
657	0821738453	3	ID000114	2016-03-19	2016-04-01	2016-03-29
658	0786864133	1	ID000801	2016-03-19	2016-04-01	2016-03-27
659	0743434021	2	ID000990	2016-03-19	2016-04-01	2016-03-25
660	0590429892	1	ID000377	2016-03-20	2016-04-02	2016-03-28
661	0448095432	2	ID000918	2016-03-20	2016-04-02	2016-04-03
662	0425057771	1	ID000630	2016-03-21	2016-04-03	2016-04-01
663	0451209443	3	ID000166	2016-03-21	2016-04-03	2016-03-28
664	0898866294	3	ID000929	2016-03-21	2016-04-03	2016-03-31
